p_center,g1,g2,resid_log,block
1685609797.0,6,6,-0.0653588639126261,9
1894912206.0,12,20,-0.0058559852890203,10
1685609797.0,30,20,0.0547331367038702,9
1270890835.0,54,10,0.1035159225365749,7
1685609797.0,30,58,0.08242252122726,9
1685609797.0,30,40,0.0865322605615515,9
1894912206.0,36,30,0.1224039457126579,10
1270890835.0,14,36,0.0345001536568176,7
1477585809.0,50,18,0.0767592247375408,8
1685609797.0,18,42,0.0808928108556148,9
1477585809.0,54,18,0.054505029713481,8
1685609797.0,36,56,0.1541004930366335,9
1477585809.0,52,48,0.1938391144425985,8
1685609797.0,12,52,0.028736702131685,9
1477585809.0,12,30,0.0275062816721789,8
1477585809.0,28,26,0.0919875016656867,8
1477585809.0,28,8,0.000515686825545,8
1894912206.0,42,48,0.1616468723592731,10
1477585809.0,24,34,0.1210811626340596,8
1685609797.0,26,48,0.139814630019855,9
1477585809.0,4,30,-0.0217280232341682,8
1270890835.0,42,22,0.0494975822318633,7
1477585809.0,36,12,0.0077168289088379,8
1477585809.0,18,46,0.1088356679425818,8
1477585809.0,12,56,0.0153967697149612,8
1685609797.0,36,40,0.1305677315455148,9
1894912206.0,24,8,-0.012678668033404,10
1685609797.0,30,50,0.1615035570512737,9
1685609797.0,16,38,0.1123604686256326,9
1894912206.0,2,54,0.0378247203731701,10
1685609797.0,16,2,-0.0493368965831658,9
1894912206.0,16,32,0.0457275007215283,10
1270890835.0,8,18,-0.0190287638800719,7
1894912206.0,8,42,0.0463373395875289,10
1685609797.0,46,18,0.1081931514170018,9
1270890835.0,14,10,-0.0254044504603479,7
1270890835.0,18,34,-0.0033038546690307,7
1894912206.0,16,54,0.1040939736385044,10
1477585809.0,58,30,0.0861450095814956,8
1270890835.0,46,14,0.0625227686432407,7
1685609797.0,30,36,0.0997792321452743,9
1894912206.0,26,40,0.1069664263307109,10
1270890835.0,26,40,0.088844419350505,7
1894912206.0,58,44,0.0970596693860065,10
1270890835.0,10,24,-0.0077063721442229,7
1685609797.0,2,46,-0.0020638491686723,9
1894912206.0,54,24,0.1747086371210375,10
1477585809.0,48,24,0.095136735356454,8
1477585809.0,18,32,0.0755607791580222,8
1270890835.0,42,26,0.0228435642774703,7
1270890835.0,26,36,0.0608700441527551,7
1894912206.0,20,6,-0.036446086489947,10
1477585809.0,28,44,0.0611832786157019,8
1894912206.0,10,24,-0.0233426694725136,10
1270890835.0,38,22,0.0950037447663557,7
1477585809.0,56,34,0.1510406382293763,8
1685609797.0,26,16,0.0534795066455432,9
1894912206.0,42,58,0.1842917142805839,10
1894912206.0,44,48,0.174961837543926,10
1685609797.0,42,26,0.0527136106195695,9
1477585809.0,10,38,0.0223641611179614,8
1270890835.0,42,8,0.0254999640784568,7
1685609797.0,48,20,0.0375103914865492,9
1270890835.0,36,30,0.1133063582849777,7
1685609797.0,6,24,-0.0209627165349184,9
1270890835.0,56,36,0.0924198660429776,7
1685609797.0,12,44,0.0269341505423365,9
1685609797.0,24,2,-0.038163328750224,9
1270890835.0,32,16,0.033599999642411,7
1270890835.0,12,26,0.0459230734101617,7
1685609797.0,10,42,-0.0106067958643894,9
1685609797.0,24,34,0.1021367221228306,9
1270890835.0,30,20,0.0633557837969304,7
1477585809.0,30,6,0.0005050556305041,8
1270890835.0,14,48,0.0544441417437149,7
1270890835.0,18,22,0.0427865829982107,7
1685609797.0,50,4,0.0793258491053558,9
1894912206.0,12,32,-0.0123175997705908,10
1894912206.0,52,20,0.0543194276967266,10
1477585809.0,54,46,0.1683434068421028,8
1894912206.0,58,42,0.1946325551045447,10
1894912206.0,14,52,0.0703804645300865,10
1685609797.0,58,42,0.2000351810072589,9
1894912206.0,18,2,-0.0576201120190673,10
1685609797.0,28,20,0.0291164898292891,9
1477585809.0,6,14,-0.0427082028691834,8
1270890835.0,30,54,0.1319478082861248,7
1270890835.0,8,16,-0.045778429897791,7
1477585809.0,32,24,0.0856097466869641,8
1685609797.0,42,56,0.1395569121139274,9
1685609797.0,8,54,0.0379729130907863,9
1477585809.0,20,24,0.0254716691285616,8
1685609797.0,48,58,0.1308177722087911,9
1685609797.0,6,56,0.0529880589070002,9
1477585809.0,24,52,0.0401995179610481,8
1685609797.0,14,58,0.0967092527240114,9
1894912206.0,10,2,-0.0646408343127674,10
1477585809.0,42,48,0.1269545125691247,8
1685609797.0,24,10,-0.024563328729886,9
1894912206.0,22,38,0.1033965764065062,10
1685609797.0,46,56,0.1712428295743203,9
1685609797.0,30,26,0.0841069695876293,9
1894912206.0,48,20,0.0266001548612489,10
1894912206.0,4,38,0.0099750612555969,10
1685609797.0,46,8,0.0625336378873405,9
1477585809.0,6,30,-0.0016858363758713,8
1894912206.0,6,48,0.0630010227220494,10
1477585809.0,36,50,0.1101435958815468,8
1270890835.0,48,8,-0.0117655816244483,7
1685609797.0,18,36,0.0952340290914069,9
1894912206.0,38,46,0.1781177108060458,10
1894912206.0,54,36,0.2176183621387951,10
1270890835.0,38,58,0.2095173801731543,7
1685609797.0,38,52,0.1477259037043236,9
1894912206.0,6,42,0.0260375516113952,10
1477585809.0,36,8,-0.0169173414969229,8
1894912206.0,48,26,0.1471351243546451,10
1477585809.0,48,58,0.1797465052644255,8
1270890835.0,14,28,0.0477690723921411,7
1477585809.0,36,28,0.1345244821913736,8
1270890835.0,28,30,0.1046046238868877,7
1270890835.0,50,16,0.0882358769191862,7
1894912206.0,54,32,0.0785505432808605,10
1894912206.0,36,14,0.0584253582328045,10
1894912206.0,44,46,0.1223024709708313,10
1477585809.0,54,20,0.1761547763811497,8
1270890835.0,46,56,0.0875284853346118,7
1270890835.0,44,10,-0.0038132578819561,7
1477585809.0,2,22,-0.0292870996487118,8
1894912206.0,24,50,0.2145943244074046,10
1270890835.0,42,48,0.1148037599715769,7
1270890835.0,36,50,0.0673033504455867,7
1477585809.0,54,2,0.0238174501704429,8
1894912206.0,42,36,0.1582646797082701,10
1270890835.0,18,38,0.0776390720678304,7
1477585809.0,12,34,-0.0071700148096469,8
1477585809.0,34,36,0.0671046901294551,8
1685609797.0,28,48,0.1080684659863173,9
1477585809.0,44,12,0.0295614302416561,8
1270890835.0,22,54,0.1475096209429101,7
1270890835.0,18,16,-0.0037868166460219,7
1894912206.0,46,24,0.0751663431291015,10
1685609797.0,8,42,0.0509213255555933,9
1685609797.0,48,38,0.1151148784461283,9
1270890835.0,24,16,0.0286715172060624,7
1270890835.0,2,54,0.0117641182683455,7
1894912206.0,44,16,0.0675646384591126,10
1685609797.0,50,36,0.125227895173689,9
1270890835.0,48,4,-0.0589576355493121,7
1685609797.0,32,30,0.0734146074252909,9
1270890835.0,12,44,0.0387654427127171,7
1685609797.0,26,42,0.051028407564321,9
1894912206.0,30,44,0.138725468513795,10
1477585809.0,18,20,0.0365102830749217,8
1894912206.0,24,20,0.0137589219290119,10
1894912206.0,34,32,0.1103206901155326,10
1477585809.0,48,30,0.1461907096128603,8
1894912206.0,30,26,0.0714878231040671,10
1685609797.0,38,18,0.1100456047725707,9
1685609797.0,18,26,0.0230076875944725,9
1894912206.0,2,34,-0.0212657616662535,10
1270890835.0,12,38,0.0754837383728773,7
1477585809.0,42,58,0.1528913283575239,8
1477585809.0,58,32,0.1590773332332505,8
1270890835.0,22,36,0.0676701062505936,7
1685609797.0,52,38,0.1497202734463308,9
1477585809.0,24,26,0.0605991328319194,8
1477585809.0,56,28,0.0978796709291928,8
1894912206.0,50,6,0.0519932069895282,10
1685609797.0,56,28,0.1177893792407109,9
1477585809.0,4,50,0.0746361397149389,8
1894912206.0,12,40,-0.0235743360940566,10
1685609797.0,34,24,0.13153802063526,9
1477585809.0,56,42,0.0684467216844182,8
1894912206.0,28,56,0.1518409617222578,10
1270890835.0,58,18,0.1122797272111786,7
1270890835.0,36,8,-0.0458447175754367,7
1894912206.0,52,54,0.2880730173989259,10
1894912206.0,34,24,0.1113333373907748,10
1685609797.0,8,36,-0.0302535444650921,9
1685609797.0,2,40,-0.0213267059352798,9
1477585809.0,44,42,0.0436349237381458,8
1270890835.0,12,34,-0.0048597799111595,7
1477585809.0,44,40,0.0917585703459274,8
1894912206.0,58,26,0.1732838464580102,10
1685609797.0,34,56,0.1043215377379055,9
1894912206.0,2,36,-0.00888234994408,10
1685609797.0,24,38,0.1040519061577593,9
1477585809.0,8,4,-0.0660371159566637,8
1894912206.0,56,16,0.0814329035438883,10
1477585809.0,18,6,-0.0447154532314884,8
1685609797.0,56,12,0.0415453900001083,9
1894912206.0,38,4,-0.0048349354150293,10
1894912206.0,40,42,0.1029120315750092,10
1685609797.0,26,22,0.0565544903352827,9
1477585809.0,4,54,0.0875999767824295,8
1270890835.0,24,10,-0.0115645870229889,7
1477585809.0,32,22,0.0547231674819362,8
1894912206.0,18,12,-0.0221649393068328,10
1894912206.0,46,50,0.1649370131223305,10
1477585809.0,38,28,0.124118414776073,8
1894912206.0,10,18,-0.0423508070158189,10
1685609797.0,28,26,0.0617239820369484,9
1894912206.0,50,40,0.1968690486874892,10
1477585809.0,20,28,0.0540400892378844,8
1477585809.0,6,46,-0.0054183097692331,8
1894912206.0,32,10,0.0269257818768468,10
1685609797.0,30,6,-0.0065836122161527,9
1685609797.0,38,24,0.1258292652129994,9
1894912206.0,56,10,0.0892599825913565,10
1270890835.0,42,32,0.0996818648768475,7
1894912206.0,28,8,-0.0123179160999404,10
1894912206.0,32,22,0.0766116137807253,10
1894912206.0,22,50,0.1052200750968999,10
1477585809.0,30,18,0.0341333932673914,8
1270890835.0,24,18,0.045944945923172,7
1685609797.0,18,54,0.1039452385795047,9
1477585809.0,46,30,0.1205457280734799,8
1477585809.0,12,4,-0.0505756058063227,8
1894912206.0,20,22,0.0435866920686375,10
1477585809.0,24,38,0.1317867624426332,8
1894912206.0,32,28,0.0812076881811637,10
1685609797.0,42,4,-0.0028699051264351,9
1477585809.0,24,40,0.1392276842296163,8
1270890835.0,42,34,0.0952582057225503,7
1477585809.0,32,30,0.0773227665667003,8
1894912206.0,18,22,0.0246174642008506,10
1270890835.0,24,30,0.079539318135913,7
1270890835.0,44,48,0.0934296644619707,7
1477585809.0,36,22,0.0911200700358935,8
1477585809.0,54,26,0.1231455051379984,8
1477585809.0,54,28,0.1763114635531275,8
1894912206.0,56,58,0.2643635078775392,10
1894912206.0,46,20,0.0837979793675385,10
1894912206.0,18,54,0.0637422897233502,10
1894912206.0,20,52,-0.0168693672875694,10
1894912206.0,2,40,-0.0086258009660274,10
1477585809.0,16,44,0.0602047954527639,8
1894912206.0,18,46,0.1027808094560103,10
1477585809.0,10,36,0.0054025749577799,8
1477585809.0,28,42,0.0908768275013516,8
1477585809.0,48,22,0.1266235478834929,8
1685609797.0,18,30,0.0503399175146791,9
1477585809.0,26,6,0.0052037326769374,8
1270890835.0,40,24,0.1299193641434491,7
1685609797.0,36,44,0.1116818183794606,9
1477585809.0,18,2,-0.0506745706140748,8
1894912206.0,36,32,0.0489340365585044,10
1270890835.0,12,56,0.0284608345497721,7
1270890835.0,34,18,-0.0045991176907492,7
1894912206.0,4,50,0.0495010391907451,10
1894912206.0,40,26,0.1230192676078733,10
1270890835.0,46,54,0.1679364699924635,7
1270890835.0,10,8,-0.0540802984504301,7
1685609797.0,30,46,0.1345453777387803,9
1477585809.0,30,38,0.0940690099118876,8
1270890835.0,48,34,0.0540347708737514,7
1477585809.0,40,26,0.0873560309817135,8
1894912206.0,30,50,0.1987761731280095,10
1270890835.0,20,4,-0.0276079021737773,7
1270890835.0,34,8,-0.021423196264607,7
1894912206.0,24,14,0.0127276269180497,10
1894912206.0,24,42,0.1074907283718796,10
1270890835.0,54,52,0.2360545114193947,7
1894912206.0,42,54,0.1502805888240941,10
1894912206.0,16,12,-0.0438423713741625,10
1685609797.0,58,32,0.1663019526998661,9
1685609797.0,54,10,0.1387357005116963,9
1270890835.0,42,28,0.0797516322534626,7
1685609797.0,54,12,0.0805656599542942,9
1477585809.0,38,30,0.0899305627029257,8
1685609797.0,10,24,-0.0245411540292961,9
1685609797.0,48,8,-0.0030938333589825,9
1477585809.0,58,24,0.0755692687886849,8
1270890835.0,50,34,0.1214291395484792,7
1270890835.0,54,14,0.0649909586609231,7
1477585809.0,38,24,0.1128237589326023,8
1270890835.0,46,30,0.1177405181869016,7
1685609797.0,20,48,0.0359302257212075,9
1894912206.0,34,12,0.0271233819630179,10
1270890835.0,44,30,0.1527259044965987,7
1894912206.0,2,6,-0.0807231042785022,10
1270890835.0,6,16,-0.02252439862655,7
1685609797.0,30,38,0.1034500815268789,9
1685609797.0,40,50,0.159063828394748,9
1685609797.0,14,16,-0.0187349868205413,9
1685609797.0,2,16,-0.0459282846771657,9
1894912206.0,42,42,0.162002226244208,10
1894912206.0,36,28,0.1394319748836324,10
1270890835.0,48,30,0.1076660751645958,7
1477585809.0,18,50,0.0610050841069948,8
1894912206.0,30,38,0.1085695907058699,10
1685609797.0,12,10,-0.0303775015424408,9
1270890835.0,30,56,0.1066602934257289,7
1685609797.0,36,2,-0.013710048633665,9
1270890835.0,30,16,0.0459694897350169,7
1270890835.0,24,6,-0.011012611655277,7
1894912206.0,44,40,0.1327945001417211,10
1894912206.0,56,48,0.1857088006995439,10
1270890835.0,38,40,0.1085220666176248,7
1685609797.0,34,20,0.1019093191460372,9
1270890835.0,34,12,-0.0065208152745674,7
1894912206.0,6,46,0.0089141619734044,10
1477585809.0,50,52,0.1329584772652018,8
1685609797.0,8,16,-0.0423416330788364,9
1894912206.0,8,16,-0.0566534174777145,10
1477585809.0,2,34,-0.0416627903905424,8
1477585809.0,4,6,-0.0869791087764174,8
1270890835.0,32,36,0.0199056791981104,7
1477585809.0,38,48,0.1529489707539303,8
1477585809.0,24,44,0.0761166749304644,8
1270890835.0,38,46,0.0750298537251988,7
1477585809.0,52,38,0.1181764379195942,8
1894912206.0,12,34,0.0095329841351116,10
1685609797.0,54,56,0.1416450545185835,9
1894912206.0,30,4,-0.025691694635233,10
1270890835.0,12,50,0.0490365229122339,7
1477585809.0,2,28,-0.0122837034651504,8
1894912206.0,18,50,0.0651894429190561,10
1270890835.0,30,44,0.1105514417498149,7
1477585809.0,48,50,0.0780569416351021,8
1894912206.0,10,54,0.1523282737370721,10
1894912206.0,20,40,0.0946579687943881,10
1685609797.0,26,10,0.0010752919358213,9
1685609797.0,58,12,0.115897289740577,9
1894912206.0,18,4,-0.0343999657603351,10
1685609797.0,12,30,0.0289145101359337,9
1270890835.0,20,16,0.0226989569641148,7
1270890835.0,36,36,0.0148620881209858,7
1477585809.0,12,54,0.061346820992954,8
1270890835.0,36,12,-0.0035488014468891,7
1685609797.0,44,48,0.1494931930609692,9
1894912206.0,6,10,-0.0638090515501947,10
1685609797.0,16,56,0.0847328733505154,9
1894912206.0,2,42,-0.0283157262068595,10
1270890835.0,14,40,0.0394848164092811,7
1894912206.0,46,36,0.0741618776510995,10
1270890835.0,50,36,0.1118122721823719,7
1894912206.0,30,20,0.0493114686836917,10
1477585809.0,44,48,0.0797742153506836,8
1477585809.0,12,14,-0.0165138386194039,8
1685609797.0,18,52,0.0469856232689102,9
1685609797.0,54,50,0.1486400577085602,9
1894912206.0,46,8,0.0492644749667429,10
1270890835.0,46,2,-0.0385665297199578,7
1270890835.0,4,54,0.0688164383762052,7
1477585809.0,30,42,0.0777313661092317,8
1685609797.0,58,8,0.0821294750891523,9
1685609797.0,58,18,0.0836514743551463,9
1894912206.0,16,42,0.0892341483390941,10
1270890835.0,58,48,0.2581205489642671,7
1477585809.0,46,38,0.0965961142340531,8
1894912206.0,2,18,-0.0509282756327423,10
1270890835.0,30,52,0.1318152566590511,7
1477585809.0,52,20,0.0308798441170798,8
1894912206.0,32,58,0.1938522661270641,10
1685609797.0,18,48,0.0895132596597993,9
1270890835.0,32,18,0.0858408369387719,7
1477585809.0,6,40,-0.020497964079062,8
1477585809.0,52,8,0.0176365298072644,8
1685609797.0,40,18,0.1003002232252143,9
1894912206.0,28,12,0.0141623822821101,10
1270890835.0,20,54,0.1366353843976199,7
1270890835.0,52,48,0.103585893141247,7
1477585809.0,26,4,-0.0199739541363834,8
1270890835.0,6,14,-0.0416107684164234,7
1685609797.0,22,20,0.047847380336292,9
1685609797.0,6,44,0.0027484123175332,9
1477585809.0,20,18,0.0348843175279504,8
1894912206.0,26,58,0.1451382822950619,10
1894912206.0,28,32,0.1123443531529152,10
1685609797.0,42,8,0.0575910952916111,9
1270890835.0,58,8,0.0837519802052582,7
1270890835.0,8,48,-0.0117804586520217,7
1477585809.0,34,44,0.128628259003214,8
1685609797.0,12,24,0.0019727457462763,9
1270890835.0,56,34,0.0743541766342013,7
1685609797.0,38,34,0.1437623556416732,9
1477585809.0,24,2,-0.0143042133160517,8
1270890835.0,16,56,0.0379039732301579,7
1894912206.0,16,44,0.0684664529268691,10
1894912206.0,12,54,0.0788763617265385,10
1477585809.0,48,12,0.0668483617315222,8
1894912206.0,46,30,0.115837361081339,10
1685609797.0,2,22,-0.0238978575157651,9
1894912206.0,18,18,0.0169793759754584,10
1270890835.0,22,50,0.1147628596748773,7
1685609797.0,48,46,0.1388765812139134,9
1270890835.0,22,30,0.0765031788990002,7
1685609797.0,48,30,0.1474136290903507,9
1894912206.0,2,48,0.020598452948191,10
1477585809.0,8,48,-0.0084746196691867,8
1685609797.0,30,8,0.0133741813793267,9
1894912206.0,42,2,-0.0224480904165844,10
1477585809.0,22,18,0.0296734223878305,8
1685609797.0,26,28,0.0744546919720783,9
1685609797.0,4,38,-0.0038190272830417,9
1894912206.0,30,2,-0.0032967495081464,10
1685609797.0,48,50,0.1890488840596522,9
1685609797.0,22,56,0.1352339280170286,9
1685609797.0,54,18,0.0761225000835188,9
1477585809.0,4,14,-0.0525669902842311,8
1270890835.0,20,24,0.0309816204814802,7
1270890835.0,28,18,0.0540691039319222,7
1685609797.0,48,44,0.1512608097825845,9
1270890835.0,50,12,0.0606044873418736,7
1685609797.0,56,58,0.1809898202013977,9
1477585809.0,38,16,0.0914716404453128,8
1685609797.0,54,4,0.0789510619008047,9
1685609797.0,8,30,0.004180435017582,9
1270890835.0,10,54,0.0950810060941417,7
1894912206.0,4,6,-0.0926487692414264,10
1894912206.0,48,2,0.0171175193834075,10
1894912206.0,6,16,-0.0259272521822396,10
1270890835.0,12,24,0.0104289996278418,7
1477585809.0,18,36,0.0970366586394741,8
1894912206.0,30,52,0.1249542663077247,10
1270890835.0,4,36,-0.0197441678486048,7
1477585809.0,14,42,0.0733515281306607,8
1894912206.0,10,6,-0.062524183233391,10
1894912206.0,36,26,0.0819490468885801,10
1477585809.0,42,50,0.2189849280331946,8
1477585809.0,40,56,0.1513259104817963,8
1270890835.0,28,24,0.0631709529087989,7
1270890835.0,34,56,0.0916386095205062,7
1685609797.0,42,24,0.0715403555260627,9
1477585809.0,58,12,0.0685647083495128,8
1894912206.0,58,56,0.1067291606664953,10
1894912206.0,58,54,0.2321242435041379,10
1894912206.0,50,48,0.1915798396848822,10
1270890835.0,56,28,0.1119249083016767,7
1270890835.0,54,24,0.1483588239165556,7
1270890835.0,54,18,0.0705342429317785,7
1685609797.0,24,28,0.0587627577296544,9
1477585809.0,40,50,0.1205767850785252,8
1270890835.0,42,2,-0.0561691066347553,7
1270890835.0,36,48,0.1084516971232601,7
1477585809.0,26,16,0.0406862989719576,8
1270890835.0,54,12,0.0494411607872407,7
1685609797.0,54,22,0.1475309000517569,9
1894912206.0,14,30,0.028757825504482,10
1477585809.0,50,54,0.1436824368061136,8
1270890835.0,12,58,0.0761565362616166,7
1477585809.0,30,54,0.149588484924123,8
1270890835.0,48,36,0.0779761067705274,7
1270890835.0,38,42,0.1437619806469887,7
1894912206.0,22,24,0.0397810742333995,10
1477585809.0,28,30,0.1021878047249414,8
1270890835.0,36,4,-0.0276970492237342,7
1270890835.0,36,32,0.0113371905156394,7
1894912206.0,34,42,0.1236265141765813,10
1270890835.0,44,22,0.0526264232047595,7
1270890835.0,14,18,0.0060887368050544,7
1685609797.0,52,2,-0.0557475953197343,9
1685609797.0,44,58,0.1647219396848825,9
1477585809.0,26,30,0.0818314911825426,8
1894912206.0,18,52,0.0621512782135774,10
1894912206.0,36,18,0.1092507315570803,10
1685609797.0,14,10,-0.0367477299921397,9
1477585809.0,20,16,0.0179514644391983,8
1270890835.0,56,4,0.068429512270512,7
1477585809.0,36,46,0.084812555533505,8
1270890835.0,6,48,0.0357359817575909,7
1894912206.0,56,4,0.0704703314304517,10
1685609797.0,36,36,0.0752675625295702,9
1894912206.0,56,24,0.1385862755856157,10
1477585809.0,52,18,0.0378258584666323,8
1894912206.0,24,34,0.1709149790142006,10
1894912206.0,4,54,0.0629977053053833,10
1894912206.0,50,58,0.2415913358552097,10
1894912206.0,44,58,0.1837474465818904,10
1477585809.0,2,30,-0.0043951299496239,8
1270890835.0,44,16,0.0404255771775496,7
1270890835.0,48,22,0.0875783140084197,7
1270890835.0,10,44,0.0141876310849147,7
1270890835.0,34,42,0.0735692062322918,7
1477585809.0,56,22,0.1196133419460036,8
1270890835.0,38,52,0.0338258317826216,7
1685609797.0,12,40,-0.0291753048691967,9
1270890835.0,12,30,0.0382779475669088,7
1685609797.0,30,44,0.1204491681744759,9
1477585809.0,48,38,0.1395775836244242,8
1894912206.0,18,40,0.0944184381243215,10
1477585809.0,42,8,0.019135143271896,8
1270890835.0,10,2,-0.0581634664531853,7
1270890835.0,12,20,0.0129485326429957,7
1894912206.0,38,12,0.0884257830332501,10
1685609797.0,10,32,0.0199151897073604,9
1477585809.0,52,26,0.1458716362251368,8
1270890835.0,8,30,0.0043584316854232,7
1685609797.0,56,6,0.0661859802683585,9
1894912206.0,10,12,-0.029405576550651,10
1894912206.0,32,46,0.1634600326557637,10
1685609797.0,16,44,0.0636704271428951,9
1270890835.0,30,8,0.020553813699527,7
1477585809.0,6,32,-0.0055455416841999,8
1477585809.0,36,14,0.0527735774441098,8
1270890835.0,52,14,0.0396809124523201,7
1477585809.0,10,12,-0.0255601088636179,8
1685609797.0,20,6,-0.0383170452346797,9
